{
    "pi": {
        "type": "Real",
        "value": 3.1415926535897932384626433832795
    },
    "e": {
        "type": "Real",
        "value": 2.7182818284590452353602874713526
    },
    "i": {
        "type": "Complex",
        "value": {
            "real": 0.0,
            "imag0": 1.0
        }
    },
    "j": {
        "type": "Quaternion",
        "value": {
            "real": 0.0,
            "imag0": 0.0,
            "imag1": 1.0,
            "imag2": 0.0
        }
    },
    "k": {
        "type": "Quaternion",
        "value": {
            "real": 0.0,
            "imag0": 0.0,
            "imag1": 0.0,
            "imag2": 1.0
        }
    }
}
